{
  "hash": "adcb0a05",
  "configHash": "6a474e4c",
  "lockfileHash": "da755108",
  "browserHash": "74bcbb1e",
  "optimized": {
    "@angular/common": {
      "src": "../../../../../node_modules/@angular/common/fesm2022/common.mjs",
      "file": "@angular_common.js",
      "fileHash": "6727f512",
      "needsInterop": false
    },
    "@angular/core": {
      "src": "../../../../../node_modules/@angular/core/fesm2022/core.mjs",
      "file": "@angular_core.js",
      "fileHash": "4e8a60a9",
      "needsInterop": false
    },
    "@angular/forms": {
      "src": "../../../../../node_modules/@angular/forms/fesm2022/forms.mjs",
      "file": "@angular_forms.js",
      "fileHash": "6d70a892",
      "needsInterop": false
    },
    "@angular/platform-browser": {
      "src": "../../../../../node_modules/@angular/platform-browser/fesm2022/platform-browser.mjs",
      "file": "@angular_platform-browser.js",
      "fileHash": "f94e4bba",
      "needsInterop": false
    },
    "@angular/router": {
      "src": "../../../../../node_modules/@angular/router/fesm2022/router.mjs",
      "file": "@angular_router.js",
      "fileHash": "0aab3bf6",
      "needsInterop": false
    }
  },
  "chunks": {
    "chunk-HXBJFKCU": {
      "file": "chunk-HXBJFKCU.js"
    },
    "chunk-H4MSFGPA": {
      "file": "chunk-H4MSFGPA.js"
    },
    "chunk-AMIGZ4PN": {
      "file": "chunk-AMIGZ4PN.js"
    }
  }
}